Date,temperature_2m_max_run_00Z_hrrr,temperature_2m_min_run_00Z_hrrr,temperature_2m_mean_run_00Z_hrrr,relative_humidity_2m_mean_run_00Z_hrrr,cloud_cover_mean_run_00Z_hrrr,precipitation_sum_run_00Z_hrrr,wind_speed_10m_max_run_00Z_hrrr,wind_speed_10m_mean_run_00Z_hrrr,temperature_850mb_mean_run_00Z_hrrr,dew_point_2m_mean_run_00Z_hrrr,msl_pressure_mean_run_00Z_hrrr,ground_heat_flux_mean_run_00Z_hrrr,precipitable_water_mean_run_00Z_hrrr,downward_shortwave_mean_run_00Z_hrrr,boundary_layer_height_mean_run_00Z_hrrr,temperature_2m_max_run_06Z_hrrr,temperature_2m_min_run_06Z_hrrr,temperature_2m_mean_run_06Z_hrrr,relative_humidity_2m_mean_run_06Z_hrrr,cloud_cover_mean_run_06Z_hrrr,precipitation_sum_run_06Z_hrrr,wind_speed_10m_max_run_06Z_hrrr,wind_speed_10m_mean_run_06Z_hrrr,temperature_850mb_mean_run_06Z_hrrr,dew_point_2m_mean_run_06Z_hrrr,msl_pressure_mean_run_06Z_hrrr,ground_heat_flux_mean_run_06Z_hrrr,precipitable_water_mean_run_06Z_hrrr,downward_shortwave_mean_run_06Z_hrrr,boundary_layer_height_mean_run_06Z_hrrr,temperature_2m_max_run_12Z_hrrr,temperature_2m_min_run_12Z_hrrr,temperature_2m_mean_run_12Z_hrrr,relative_humidity_2m_mean_run_12Z_hrrr,cloud_cover_mean_run_12Z_hrrr,precipitation_sum_run_12Z_hrrr,wind_speed_10m_max_run_12Z_hrrr,wind_speed_10m_mean_run_12Z_hrrr,temperature_850mb_mean_run_12Z_hrrr,dew_point_2m_mean_run_12Z_hrrr,msl_pressure_mean_run_12Z_hrrr,ground_heat_flux_mean_run_12Z_hrrr,precipitable_water_mean_run_12Z_hrrr,downward_shortwave_mean_run_12Z_hrrr,boundary_layer_height_mean_run_12Z_hrrr,temperature_2m_max_run_18Z_hrrr,temperature_2m_min_run_18Z_hrrr,temperature_2m_mean_run_18Z_hrrr,relative_humidity_2m_mean_run_18Z_hrrr,cloud_cover_mean_run_18Z_hrrr,precipitation_sum_run_18Z_hrrr,wind_speed_10m_max_run_18Z_hrrr,wind_speed_10m_mean_run_18Z_hrrr,temperature_850mb_mean_run_18Z_hrrr,dew_point_2m_mean_run_18Z_hrrr,msl_pressure_mean_run_18Z_hrrr,ground_heat_flux_mean_run_18Z_hrrr,precipitable_water_mean_run_18Z_hrrr,downward_shortwave_mean_run_18Z_hrrr,boundary_layer_height_mean_run_18Z_hrrr
2021-04-01,-0.35053100585935226,-4.342016601562477,-1.9722351074218523,55.75820123581659,66.36507940185922,0.38099998218240216,36.136498295151064,25.01656247838759,-12.917425537109352,-9.762801688058005,1021.622265625,37.43098869777861,4.607605343773251,189.48783293224517,1115.2883562360491,-0.14179077148435226,-4.996496582031227,-2.0560211181640398,54.37175957361857,70.55555561060707,0.2517777798930183,35.05398988666211,24.197652323783547,-12.909216308593727,-10.124881490071573,1021.3789322916667,41.8055557111899,4.550181806087494,138.61620585123697,1145.6501388549805,1.2578674316406477,-4.557958984374977,-1.2342297871907324,55.618980884552,61.56481492022673,0.8708888851688243,34.585862209583865,24.01563180018876,-11.296057128906227,-9.083273315429665,1021.553935546875,38.472222040096916,4.7831840217113495,159.66249974568686,987.2749621073405,0.6347900390625227,-5.080297851562477,-1.9246556599934668,54.36064831415812,68.29166660954554,0.5637777742813341,33.51183754588461,23.664271224661686,-12.138412221272745,-10.0327323913574,1021.87861328125,41.388888816038765,4.611488948265712,162.65092531840006,1026.6381810506184
2021-04-02,2.0360351562500227,-7.848852539062477,-2.8528808593749773,29.033862250191824,0.0,0.0,28.67164417704352,20.07895926252671,-13.412682233537907,-18.99770129975815,1029.3615885416666,11.624338729040963,1.9542684044156755,321.13174910772415,765.0143810453869,3.0126281738281477,-6.636419677734352,-2.1287648518879982,30.38611125946045,0.0,0.0,26.119550706430772,17.795273054403264,-12.077466074625647,-17.827796681721992,1029.1376302083333,20.17129596074422,2.298773239056269,280.22823905944824,735.6783955891927,2.9345031738281477,-6.477636718749977,-2.165818277994769,30.431944529215496,0.0,0.0,26.20474854862244,18.26764905080876,-12.045552317301429,-17.762273534138984,1028.5109244791668,22.314814885457356,2.1959211081266403,280.202312151591,790.3001346588135,3.5757385253906477,-6.172949218749977,-1.5740048726399511,33.04583342870077,0.0,0.0,26.19223246255073,17.813951807514943,-11.680511220296182,-16.379309082031227,1028.368466796875,26.398148198922474,2.3841149856646857,280.07592519124347,812.5886716842651
2021-04-03,10.957543945312523,-4.788763427734352,2.5994521368117787,47.115343729654946,60.35449753701687,0.0,24.576709932689997,13.676150739812469,-3.9971752348400287,-8.420705450148773,1025.1307440476191,-7.23280398050944,7.171368973595755,199.88783146086195,492.65170378912063,11.034570312500023,-5.068457031249977,2.8677459716797102,46.17453781763712,68.94444427390893,0.0,21.701015996755736,11.779510425499799,-4.202366892496741,-8.491096242268839,1025.1593098958333,-4.421296238899231,7.542441676060359,186.222682595253,504.649662176768,11.691094970703148,-4.610723876953102,3.2738713582357,47.77824139595032,68.62962949586411,0.0,23.29566769880957,12.392398207390178,-3.7709131876627566,-7.987455749511696,1025.0994466145833,-3.722222010294596,7.563183595736821,192.38981445630392,519.0798916816711,11.150262451171898,-4.545568847656227,3.2745529174804915,45.43518590927124,72.0694445942839,0.0,21.147642998401142,12.284491253102985,-3.7797492980956804,-8.617280069986975,1025.221103515625,-3.6481480598449707,7.555882891019185,190.01435128847757,524.9879318873087
2021-04-04,14.892968750000023,0.34923706054689774,6.962457275390648,68.46031706673759,22.61904763394878,0.0,19.671344716003254,10.657732156983853,0.011121186755985946,0.14771786644348595,1020.9384598214285,-22.142856722786313,9.240869158790225,304.65925743466335,716.1300637381418,16.158807373046898,0.5171142578125227,8.203806813557966,50.7412044207255,7.212962963928779,0.0,18.723116038376936,12.613079675972253,1.5041061401367415,-2.221006774902321,1019.9878190104167,-11.35648121436437,8.438786625862122,266.3763926823934,609.5725836753845,16.637933349609398,-0.47620239257810226,8.179140981038435,43.9981484413147,9.731481631596884,0.0,18.036028459189488,12.105451509743071,2.154505666097009,-4.030284627278604,1020.4109700520833,-12.828704118728638,8.318125625451406,267.6768528620402,557.5639764467875,16.267205810546898,-1.0661376953124773,7.572220102945987,50.31250047683716,6.921296425474186,0.0,19.147027916484987,12.50319859082162,1.9825289408366302,-2.8252573649088504,1020.87,-12.569444179534912,8.261015176773071,267.7476867039998,522.9146913687388
2021-04-05,16.992456054687523,3.0063110351562727,9.64915219261535,45.09735479808989,44.640211330638046,0.0,15.771019041296226,10.055178725072132,2.4482171921503095,-2.8595540364582916,1020.3322693452382,-24.634920710609073,9.916817256382533,299.54232715425036,638.3082011994861,16.435784912109398,3.0398193359375227,8.823274230957054,47.6296292146047,53.74074084684253,0.0,10.92517864043442,7.490005478334434,3.108571624755882,-2.0051165262858035,1019.8183821614583,-11.27314829826355,10.252979218959808,255.61574252446493,378.09300057093304,15.499902343750023,1.6421142578125227,8.016361490885439,53.25092554092407,69.20833285649617,0.0,10.894185458017576,7.152123057546425,3.287404632568382,-1.3665641784667741,1020.009677734375,-9.300925970077515,11.408258954683939,232.92546526590982,316.596640586853,15.407983398437523,1.9920288085937727,8.021189626057966,48.42500034968058,45.5138891764606,0.0,10.493618495625292,8.101861099063207,3.7047274271647552,-2.3992078145344635,1020.059853515625,-6.314815104007721,11.296489616235098,227.30601692199707,260.8205574353536
2021-04-06,15.069512939453148,2.4420715332031477,8.804275948660736,53.169310978480745,56.62433861054125,1.307222233270295,15.273676805163673,10.375851865621481,6.335614594959111,-1.2211742582775287,1015.9738690476191,-13.59788331531343,14.45288576398577,262.59365063621885,280.86180868602935,13.427789306640648,4.093133544921898,8.710351562500023,46.268518129984535,83.37036983172099,0.01511111159925349,15.417475776821751,9.09191173586543,8.366443888346396,-3.0018320719401004,1015.5756022135417,-1.564814378817876,17.639262318611145,185.9750016530355,265.0085080464681,15.361962890625023,3.0495544433593977,8.43084615071617,54.7578698794047,57.087962759037815,0.5767777356086299,18.930064327065832,11.695755415689272,7.61688130696615,-0.8531504313151004,1015.3958235677082,-4.231481393178304,17.552065054575603,226.7361110051473,280.2404007911682,15.295281982421898,3.3192382812500227,9.484751637776716,42.64398264884949,48.16203661262989,0.4311111099086702,14.153907165956902,9.092401981435623,7.095722452799521,-3.1001177469889285,1016.1578776041667,-4.398148437341054,15.650179704030355,234.01481564839682,273.49681814511615
2021-04-07,16.917474365234398,4.200952148437523,10.110415213448684,67.60105877830868,54.8624340962796,2.4203333854675293,19.489159772275713,11.791985578559533,9.28824114118305,3.2685340518043517,1016.6171428571429,-15.571428934733072,20.53961908249628,281.4000011625744,328.16700599307103,17.629602050781273,4.256738281250023,11.363553619384788,36.47685178120931,48.180555449177824,0.12522221729159355,19.606431600603422,10.938878839255645,9.06198654174807,-3.369785054524698,1016.704072265625,-12.4212965965271,15.556070884068808,267.0342540740967,287.3159333864848,17.541650390625023,4.418206787109398,10.702565765380882,46.192129611968994,41.89814831378559,2.944888934493065,20.10365018941284,10.753867661099326,9.702500915527366,-0.7824640909830691,1015.8632389322917,-5.229131460189819,17.77865735689799,264.2370379765828,274.13249111175537,17.947076416015648,5.089776611328148,11.508681233723982,30.33657455444336,19.44444442167878,0.0,18.88155290001347,11.424365254104087,10.221276855468773,-5.5023572285969635,1016.4753255208333,-11.63888923327128,15.924016316731771,262.0847234725952,273.75022586186725
2021-04-08,21.744104003906273,6.382379150390648,13.854539853050618,56.87354551042829,37.92063464579128,0.0,20.718773001404315,12.00108064700189,11.88608340308781,4.9735918317522305,1013.5934375,-27.179893493652344,18.60767700558617,299.5857111612956,289.0710699898856,21.474511718750023,6.221002197265648,13.56735509236656,56.56666787465414,31.759259074305493,0.0,19.54370294758634,11.43950915884903,11.993131256103538,4.877921040852868,1012.6936100260417,-15.425925970077515,18.202930847803753,264.7277749379476,274.9025061925252,21.276147460937523,6.605584716796898,13.60932566324872,57.74305438995361,45.19907398149371,0.0,24.561246523914953,12.580440170346156,12.104322052001976,5.208648935953818,1012.6391666666667,-14.238171259562174,20.449594100316364,261.7564821243286,284.19972737630206,21.175317382812523,6.189965820312523,13.873941040039085,52.26805559794108,12.472222071451446,0.003444444388151169,24.25853800859424,13.974381356776215,12.044498697916708,4.113455708821618,1012.69216796875,-17.3750003973643,18.754435459772747,266.3245379130046,282.34328683217365
2021-04-09,15.630883789062523,11.620935058593773,12.751003882998535,79.68465496244885,87.15343883349782,3.953666598070413,15.914631676196365,11.361989690351608,8.52766898018973,9.473959495907764,1011.6852901785714,2.074073836916969,23.34278324672154,117.35343824114118,336.2063344319661,15.884057617187523,10.716119384765648,12.99588292439781,76.30185190836589,70.61111105481784,0.8292222039308399,17.41124943361072,11.345054977679146,8.398025767008505,9.069427744547568,1011.7125944010418,4.560185035069783,22.33502682050069,101.1310175259908,333.540958404541,18.435296630859398,11.335351562500023,13.913055674235048,73.78101682662964,77.00462969144185,0.972999997145962,18.85690387029762,11.03059957979447,8.664275105794275,9.394929504394554,1011.07541015625,0.462963064511617,22.203702012697857,166.43425718943277,345.12435881296796,17.802453613281273,11.666558837890648,14.279008483886741,73.02592579523723,62.02314798782269,1.350000000122236,19.501964153862506,12.156070306559721,8.73463083902999,9.575933074951195,1011.3236946614583,1.5260225931803386,21.855104486147564,166.62175528208414,359.97354316711426
2021-04-10,22.805139160156273,9.054895019531273,15.88838820684526,67.69365056355794,83.29100515728905,0.1126666689524427,16.978110468710668,10.513638395287295,11.796550641741078,9.08507835751493,1008.8421726190477,-23.81146662575858,18.98263122921898,279.9354484194801,338.20056533813477,21.483300781250023,9.232385253906273,14.80441818237307,72.17777840296428,81.43055574099223,0.18833333792281337,18.791927713812516,10.542968372433362,11.959366099039755,9.135891215006552,1008.3081022135417,-16.490740597248077,17.959500114123028,262.7592547734578,298.52638181050617,24.106958007812523,10.267633056640648,15.885298665364607,68.10601965586345,88.61574120322864,0.3341111100744456,18.336059054391885,10.672319269844671,12.137106831868493,9.096387481689476,1008.3003678385417,-16.740740259488422,18.59511415163676,258.3916660944621,330.45911407470703,22.784692382812523,9.273950195312523,15.810554758707704,66.79444440205891,82.43518511454265,0.0,17.416964738611142,10.284518574617183,12.17017262776693,8.852896626790368,1008.497275390625,-15.375523447990417,17.880448420842487,266.13611221313477,315.4848378499349
2021-04-11,16.296441650390648,12.494683837890648,14.044734119233654,79.11957677205403,87.44973564147949,10.474222412682138,20.21074736624142,12.051635190525133,8.063668096633194,10.546277436755986,997.4108444940476,6.42328032993135,23.439678918747674,150.44444347563245,524.8087928408668,17.012353515625023,9.211663818359398,13.665287272135439,73.48240772883098,80.88425922393799,5.006222440424608,44.785084608930376,16.85994365894138,7.765791829427087,9.031491851806663,997.851806640625,13.560185094674429,21.17790699005127,150.76388732592264,545.5622151692709,13.935418701171898,10.036889648437523,12.648774719238304,86.78796195983887,91.98148155212402,17.03388914297102,22.345070499660356,10.135168893537895,7.9268419901530365,10.576603190104208,997.7513509114583,17.129629482825596,23.50717520713806,56.82036964098612,343.85354296366376,16.099359130859398,9.986108398437523,12.953942871093773,86.75787194569905,88.01388865709305,17.013111274922267,26.069847169711018,11.469379762586785,8.126934305826865,10.850047047932946,998.4305110677083,14.166666428248087,22.943654735883076,102.33379522959392,396.84227625528973
2021-04-12,11.990441894531273,7.118096923828148,10.14418654668901,97.69629523867653,95.4867725826445,8.863666587101761,17.757936906529885,9.190663276472284,4.062005615234398,9.72403215680805,1003.0874627976191,16.29629621051607,21.64488610767183,108.79312179202125,378.1391892206101,12.279718017578148,8.639428710937523,10.213347371419294,99.08518473307292,96.66666666666667,4.5762224403442815,15.421033880281751,9.425952275694856,4.52499669392904,10.00998204549154,1004.767353515625,23.444444209337234,21.44901204109192,69.56064740816753,366.5069230397542,12.831872558593773,7.514520263671898,9.628561909993513,97.67407290140788,99.97222232818604,2.6335556249541696,17.382060188270465,10.811191201425837,4.6525499979655365,9.118063863118493,1003.6486979166667,19.939814805984497,21.62057081858317,93.92314736048381,401.79987780253094,12.023187255859398,7.189080810546898,9.221036529541038,99.14120515187581,100.0,9.710333608847577,16.49912569676259,10.570039204054885,4.475698089599632,8.99571253458663,1004.2055078125,27.430555423100788,22.695606867472332,53.74213035901388,383.60516993204754
2021-04-13,11.488031005859398,6.882714843750023,8.552072870163713,97.658200945173,94.41269847324916,0.3309999995690305,12.321140582018863,7.488188974995855,3.0935549781436293,8.030114746093773,1014.7001078869048,1.5343915053776331,16.048654102143786,139.54550407046364,344.31234305245533,11.584527587890648,6.935845947265648,8.632683054606142,97.24768575032552,91.99074077606201,0.10277777479495853,12.57032115776335,7.5644789029773065,2.8979850769043196,8.057619984944665,1016.0951822916667,4.902777661879857,16.479620218276978,110.87129720052083,388.10556920369464,11.192620849609398,6.857202148437523,8.465437825520857,98.00740718841553,97.08796278635661,0.6629999860597309,10.851925624886212,6.615581077531492,3.0511019388835052,8.031145985921228,1016.1030078125,5.282407383124034,16.84200894832611,90.82407506306966,366.0315195719401,12.444451904296898,7.361505126953148,8.797355906168642,97.73287010192871,95.04629596074422,0.0575555577815976,12.173718361867909,6.246075631519514,3.3450536092122434,8.31241124471029,1016.5271321614583,-0.3796297653267781,16.918509205182392,125.26732635498047,369.7606321970622
2021-04-14,11.610498046875023,3.1935058593750227,7.5549822126116295,74.73280497959682,48.64021149277687,0.0,20.77323684712863,11.285760801595844,-0.06094098772319967,2.9198358444940595,1014.8576153273809,4.386243729364304,9.790785993848528,281.05873216901506,591.4504096621558,11.379357910156273,3.5962768554687727,7.63983561197919,73.68935060501099,62.3101853877306,0.3728888767363969,18.75712560713861,10.171812408220754,-0.08463516235349289,2.9642311096191634,1015.8625553385417,10.902777512868246,10.302611450354258,226.3259285291036,680.6842969258627,13.723199462890648,5.619897460937523,9.318386332194033,72.85648171106975,67.33796278138955,0.7272222152678296,17.848264063315213,9.191040275840303,0.8957305908203352,3.7676088968913177,1014.7205045572917,0.046296159426371254,10.841105818748474,256.9930542310079,871.6729577382406,12.775415039062523,4.972558593750023,8.899111684163435,72.63148180643718,66.8796296219031,0.0028888889646623284,19.698218400559963,10.432981343572493,0.4763173421223996,3.386305745442712,1015.6438899739583,2.6946866512298584,10.6936154961586,249.84212811787924,850.1817337671915
2021-04-15,7.373559570312523,3.4930358886718977,5.570242454892136,72.93862497238885,100.0,2.0962222249654587,16.267109087295243,11.260737526796127,-3.7288283575148853,0.8539934430803555,1009.3697358630952,24.97354473386492,10.748764265151252,121.13650962284633,783.9156944638207,7.990380859375023,4.052026367187523,6.139890289306663,70.58611059188843,92.37962992986043,0.4741111125331372,16.076725656033517,11.287090429220676,-2.9056699117024323,1.072567240397177,1009.486435546875,21.800925731658936,10.969026366869608,102.42129651705424,744.7395858764648,7.137475585937523,3.8039794921875227,5.483530934651715,75.6837960879008,99.79629643758138,1.8867777552222833,17.20146289670083,11.87990734918818,-3.641954803466774,1.416012064615927,1009.314453125,23.92129607995351,11.332751393318176,122.79351790746053,833.570494333903,7.594262695312523,3.8580261230468977,5.406516011556012,75.67268562316895,98.80555566151936,1.8114444140519481,19.619459804249903,11.134320688038088,-3.822423044840491,1.3076148986816634,1009.6520345052082,28.779951135317486,11.025697946548462,101.75833296775818,837.7601572672526
2021-04-16,10.375543212890648,2.6069580078125227,6.227178373790945,76.99947193690709,98.68253944033668,0.3473333306610584,23.71976623019726,16.716157768552875,-0.9245419456844957,2.3643112909226147,1007.6907924107144,0.4179893902369908,13.028115545000349,160.99206125168573,680.0502900623139,9.816278076171898,3.7308898925781477,6.012097930908226,83.35925992329915,93.69444465637207,2.4130000647564884,25.00864754771328,16.160410433258615,-1.4479583740234148,3.3485809326172102,1008.25314453125,12.787037213643393,13.439927498499552,142.80694444974264,663.9852155049642,7.646661376953148,3.5070739746093977,5.589627838134788,86.69629669189453,99.10648155212402,2.358777818735689,19.898595838256213,14.10563571690785,-1.2768742879231354,3.6365231831868527,1007.5227376302083,12.737520744403204,13.771145502726236,78.85462991396587,640.3433011372884,6.714990234375023,3.6473327636718977,5.225516255696637,87.76851749420166,99.9768517812093,2.8964443758595735,20.7180441397423,14.861739085936007,-1.5846822102864166,3.4785158793131927,1007.2388899739583,16.199074308077495,13.992552042007446,60.73101862271627,580.4861246744791
2021-04-17,11.029656982421898,4.508325195312523,7.529167247953891,80.38571366809663,89.77777817135765,0.31777777714887634,13.085940752123491,7.609525243662401,-2.0433323451450747,4.004357910156273,1011.8474069940477,-9.262529236929756,13.744919413612003,203.96507662818544,803.2281101771763,12.039147949218773,3.3326660156250227,7.182405090332054,82.40925900141399,91.15740728378296,2.5753332978347316,12.209923399817162,9.137423741562781,-1.2790384928385379,4.103644307454431,1011.5881966145832,-1.0719836155573528,13.632067720095316,166.19212698936462,650.5235055287679,10.305322265625023,2.4620910644531477,6.119063313802106,86.79398091634114,84.96296342213948,3.8004444359394256,14.633459976474143,9.792596825805145,-1.6304115295409929,4.117490386962913,1012.5797623697918,8.703703731298447,13.945358633995056,100.30879672368367,480.35016504923504,11.503564453125023,2.9077087402343977,6.47046305338544,86.98333406448364,98.7083330154419,4.728777682292275,19.479331172524578,10.047317975105953,-1.3888025919596316,4.392507171630882,1012.031201171875,9.889189958572388,13.852333625157675,125.1407384077708,473.5361789067586
2021-04-18,11.961755371093773,2.2049194335937727,7.021706426711332,77.44338698614212,47.8465610742569,0.04177777701988816,16.594994061420962,7.642497408109498,-1.1248084658668063,3.1364830380394437,1012.1213244047618,-2.111111391158331,11.76476696559361,198.42804000491188,709.1375399998257,13.192834472656273,1.7988525390625227,7.116733805338565,80.47685209910075,45.0416669982175,4.34233322320506,16.495682287306003,7.475072520070448,0.11160430908205399,3.883070882161462,1010.9766666666667,15.689814885457357,12.180121938387552,150.91712522506714,461.6871738433838,12.843835449218773,1.6158691406250227,7.469490305582705,75.03657452265422,61.07407415906588,0.20000000396976247,15.613147459987703,7.761904527514382,-0.3860877990722429,3.0090309143066634,1011.4911588541668,3.0231483777364097,12.421364267667135,175.77962982654572,535.5125509897867,13.135095214843773,1.0035339355468977,6.962855275472028,77.49722337722778,54.07870392128825,2.7112224091833923,14.182858009344507,7.454960882070129,0.020093536376975862,3.2166610717773665,1010.933056640625,4.842592636744182,11.750443518161774,189.49815138181052,514.3410938580831
2021-04-19,16.345239257812523,0.5422912597656477,8.998290724981421,54.65873009817941,69.33333356039864,0.00011111111962236464,19.811359033265113,11.824775523360115,1.8672482445126661,-0.26848813011531547,1009.0909040178572,-15.0264554250808,10.286653813861665,214.58095441971506,1130.9810853685651,15.437127685546898,1.0974975585937727,8.733879343668642,59.59814818700155,86.55555542310078,0.5127777757588774,20.694731249543022,11.14851966749179,1.6736440022786496,0.9756561279297102,1009.0117545572917,-4.68676499525706,11.297305703163147,200.6680572281281,762.1875453790029,15.648065185546898,0.9636474609375227,8.499609883626325,62.11203638712565,85.81944446762402,1.236555510899052,25.548229803128915,11.882434606802258,1.5571736653645871,1.1358568827311615,1009.072548828125,0.7916670441627502,10.909897069136301,187.06064938132963,786.5513543287913,16.438745117187523,1.1054321289062727,8.939941660563173,62.728704373041786,68.98611097224057,1.3888888600631617,20.226912948031206,11.547992343066946,1.692959086100302,1.554469045003259,1008.7178678385417,-4.898147980372111,10.789126217365265,211.93518736104792,931.4154403209686
2021-04-20,6.048120117187523,1.1010986328125227,3.569168526785737,71.40423347836449,98.21164013090588,0.6251111240126193,25.0022935122306,16.107534088170627,-7.007292538597426,-1.3403889973957916,1013.9611160714286,28.35978803180513,10.704663163139706,179.84179803764536,1057.606657482329,6.364038085937523,-0.6227172851562273,3.1631866455078352,72.0365735689799,90.5462961991628,1.6313333600992337,25.05967427292702,16.67070036795479,-6.924846394856729,-1.6689005533854129,1014.1406901041668,29.35185186068217,10.54196572303772,182.91018921261033,998.9391632080078,5.962670898437523,0.011956787109397737,3.480181630452497,71.09212970733643,90.90740752220154,1.3148888872819953,24.082170722746348,15.74555185890359,-7.0181106567382585,-1.5858558654784929,1014.3790755208333,26.8518519004186,10.512321054935455,182.1865737736225,1034.3164100646973,7.174768066406273,-0.46542968749997726,3.2244328816732,69.60370381673177,95.8796296318372,1.471555569441989,24.60521257012379,17.20497502831716,-7.320169830322243,-2.0957944234211823,1014.2121809895833,34.21296296517054,10.141601284344992,145.290739963452,1044.0223592122395
2021-04-21,0.15200195312502274,-4.232244873046852,-1.5690237862722987,86.78306870233445,97.12698418753487,6.480777806893457,22.598671992397545,13.113267805400714,-10.274398367745505,-3.439697556268584,1013.8770349702381,19.11111090296791,8.340780507950555,174.18994887669882,729.5090070452009,1.6218200683593977,-2.5940612792968523,-0.6996393839518001,81.93101692199707,93.66203689575195,9.309666749701137,23.460177670956693,14.90493459050993,-9.645268503824866,-3.4849800109863054,1012.55865234375,51.333333879709244,8.334684689839682,170.9175917506218,913.0510393778483,1.3953796386718977,-2.1379455566406023,-0.3042943318684668,76.77592515945435,99.41203689575195,3.7014443885418586,25.15006473304013,14.824051478753054,-10.000341796874977,-4.0511065165201785,1013.181982421875,29.02777760227521,8.152571340401968,157.71897920966148,999.5357246398926,1.5299011230468977,-2.5507263183593523,-0.15645701090492517,71.46990728378296,100.0,3.767999939969741,22.713545157470787,13.51982832298224,-10.350311024983682,-4.973651631673135,1013.7888899739582,24.351852039496105,7.7107275525728864,138.70601505041122,1086.66392771403
2021-04-22,5.362298583984398,-3.7164367675781023,1.327684384300618,51.332274845668245,99.15873027983166,0.004888889088761061,30.66112785814385,20.51977338139477,-9.83687802269344,-7.943836321149547,1013.4302157738094,0.20844897769746326,6.334854988824754,200.49682274318877,1451.3451320103236,6.242059326171898,-3.9975341796874773,1.9086433410644759,47.59583282470703,92.8888889948527,0.0014444445259869099,30.412115068364415,19.750620461240246,-8.551404062906897,-8.52678273518876,1012.8727799479167,-0.6666665474573771,6.094092607498169,231.01758845647177,1224.3486029307048,6.597680664062523,-2.6142333984374773,2.257155354817731,47.40462883313497,86.36111092567444,0.009444444731343538,30.725077695868155,21.058219335397627,-8.515751902262366,-8.343635304768839,1013.6193131510418,4.296296199162801,6.133389075597127,251.9708295663198,1270.9898331960042,5.514367675781273,-1.9301513671874773,1.8861607869466372,51.229166189829506,82.12499993046124,0.02655555322417058,30.73637622773056,20.161544717154538,-8.729259236653604,-7.318577829996741,1013.7252278645833,7.652777433395386,6.245913922786713,190.51342618465424,1264.5403226216633
2021-04-23,17.990258789062523,-2.4556335449218523,7.956179373604933,44.4878298441569,22.6666666553134,0.0,26.20974902110621,16.66552212056153,-0.05556698753719047,-4.649578566778246,1013.0480877976191,-39.089946928478426,7.3079375085376554,353.76455134437197,1083.1120027814593,17.521173095703148,-2.9525207519531023,7.758181508382184,43.743518590927124,14.44907420873642,0.0,24.99352029260708,15.759996478044451,-0.253013356526651,-4.764706675211585,1013.6742610677082,-26.884259402751923,7.405833224455516,311.2351901928584,922.9310391743978,17.687463378906273,-2.5128540039062273,7.81686935424807,42.537500619888306,24.106481354994077,0.0,25.561750784624543,15.855746347888994,-0.19728825887040102,-5.050296529134073,1014.2275455729167,-29.527523358662922,7.195448040962219,311.1296258966128,950.1126731236776,17.995477294921898,-1.7217773437499773,8.395852661132835,43.684722900390625,22.51851862296462,0.0,27.61605498051179,16.298754554173847,0.1031611124674896,-4.3484265645344635,1013.6833235677083,-28.30555592974027,7.217817823092143,311.9282376766205,957.1651566823324
2021-04-24,17.973992919921898,5.007836914062523,12.054283214750766,41.55608404250372,55.328042229016624,0.002222222276031971,23.805431455699296,13.325764302401183,3.085450381324449,-1.16986258370531,1013.2380431547618,-22.121693066188268,11.152522268749419,271.93545032682874,1014.1526767185757,18.983789062500023,5.701715087890648,12.723071034749372,41.27731474240621,60.86111125381043,0.018333332613110542,21.163395859147904,14.054735658808985,3.4498102823893646,-0.5467399597167741,1012.623662109375,-20.430555522441864,11.80090045928955,254.36805415153503,1060.845708211263,17.940454101562523,5.970880126953148,12.461080169677757,43.2884255250295,79.0231479940315,2.093333451077342,25.57524276217036,12.889253525948016,3.1429306030273665,-0.5984024047851335,1012.5433723958333,-15.88425882657369,12.245040019353231,257.21712998549145,987.4799747467041,18.308618164062523,5.153894042968773,12.46317825317385,38.83472204208374,60.11111088655889,0.0,16.156566058003452,11.93261176251538,3.1721435546875227,-1.3828236897786041,1012.50125,-17.189815402030945,11.03059180577596,234.30463226636252,1195.4639239311218
2021-04-25,12.464044189453148,1.3533569335937727,7.547563534691243,64.60793740408761,75.16402126493908,0.47211109928321093,34.33721164111058,20.49668421908945,-2.1627432686941575,0.9256356375558425,1009.3136049107144,20.984126897085282,10.405219713846842,273.549205552964,682.6610797700428,11.652368164062523,0.29396972656252274,7.00522893269859,61.26018667221069,74.35648141304652,0.16622222025762312,35.44250242580177,20.457930799803066,-2.304430389404274,-0.2657964070637604,1010.002548828125,23.925925771395367,9.652676264444986,232.05463209748268,665.0726067225138,11.695214843750023,2.2220397949218977,8.312932586669945,62.49444452921549,76.69444489479065,0.598777787090512,31.49743775348618,17.912847690145068,-0.7632164001464616,1.2544787089030365,1010.1571321614583,15.254629492759705,10.797429263591766,241.1893496712049,697.58482837677,11.048394775390648,1.2009521484375227,7.743494923909528,68.5481481552124,93.90277783075969,0.9824444322439376,30.717958200426022,18.192758376899405,-1.6045008341471316,2.095667775472009,1010.3374088541667,22.972222050031025,10.893085797627768,156.11944248278937,731.169027964274
2021-04-26,12.455834960937523,-2.2557128906249773,4.969870140439011,41.275132133847194,54.05291032791138,0.0,22.433702459651503,14.373032541627381,-3.211120896112334,-9.493607584635413,1021.4570275297618,-9.57672019231887,6.788717474256243,362.3264569327945,828.433349609375,12.251763916015648,-2.3268798828124773,5.24912033081057,42.67175912857056,48.71296310207496,0.0023333332501351833,22.80221506712774,13.530412852131363,-2.3298121134440066,-8.52327194213865,1020.8857486979167,-3.212963064511617,8.603276908397675,313.2277809381485,754.9750712712606,12.851495361328148,-0.29471435546872726,5.770416514078799,41.957407196362816,53.42592587073644,0.026000000536441803,20.37848529540391,12.954970958055327,-2.602304840087868,-8.103013102213538,1021.306435546875,-5.499999900658925,9.005938827991486,318.14768505096436,816.2091897328695,12.714044189453148,-0.6353515624999773,5.432483927408877,45.81435203552246,62.583333337058626,0.01899999938905239,18.588258402720943,11.564053936487904,-2.5684341430663835,-6.890544637044229,1021.2216666666667,-3.8333333333333335,9.119871695836386,311.6546295483907,764.772539138794
2021-04-27,12.478723144531273,3.2595153808593977,7.303225272042433,68.3121684846424,99.25925954182942,2.87388876354089,15.135426463072463,11.05325218228818,9.39492042178199,1.1043422154018003,1015.4766703869047,-3.465608210790725,22.239850816272554,242.1433893839518,373.4308704194568,17.888146972656273,5.936853027343773,11.047605133056663,36.4657408396403,94.04629611968994,0.11166666762437671,18.83198631930201,10.273198598176103,10.627634938557946,-3.673028055826819,1013.8928190104167,-18.31018563111623,18.740935405095417,284.25463008880615,299.7625907262166,13.656030273437523,3.7880187988281477,8.466531372070335,53.749536673227944,91.45833333333333,0.889222206780687,18.38145501530372,11.24235065229842,9.984204864501976,-0.9828043619791629,1014.394169921875,-3.5462965170542398,20.615736325581867,227.88333559036255,336.54379908243817,13.713281250000023,5.117150878906273,8.676393127441429,44.41527843475342,99.7222220102946,1.7890000327315647,20.848892967689004,11.798796776601579,9.930947875976585,-3.2852195739745866,1014.3124479166668,-8.134259025255838,20.720605889956158,221.43843030929565,333.33684825897217
2021-04-28,21.119897460937523,7.584497070312523,12.935469563802107,81.15925997779483,91.20634932745071,1.4973332148510963,16.888886052207056,8.635466447757889,12.513800920758968,9.575880940755212,1008.8646019345238,-29.878307376589095,29.330747876848495,221.90846969967797,357.09518178304035,20.179437255859398,8.317346191406273,12.293854014078798,80.10370381673177,91.11574117342631,10.094222427112982,19.45955326225825,10.185589397396495,12.308106994628929,8.91617355346682,1009.2194889322917,-6.370370388031006,28.3462233543396,175.17592386404672,337.6640036900838,15.271905517578148,8.377313232421898,10.985266621907575,85.13703680038452,99.5972220102946,8.987777559494134,16.390969231523062,9.299767864587638,10.77994308471682,8.461834208170615,1009.3094921875,0.8287033041318258,28.798601309458416,110.94907112419605,385.40197499593097,17.853143310546898,8.261590576171898,10.95261408487958,80.5504625638326,96.72222216924031,8.45055547321681,15.429647921300395,7.266239479247408,11.049804941813193,7.434236145019554,1009.5659212239583,1.5138890345891316,28.644604126612347,129.5310193002224,323.7536745071411
2021-04-29,11.168542480468773,9.418878173828148,10.288591366722493,95.06402042933873,100.0,11.063111355353612,12.128313725135136,8.241766643929783,5.510663423084111,9.487193952287953,1008.278947172619,4.052910055433001,24.254350389753068,73.78941836811248,395.2157992408389,13.026330566406273,9.752832031250023,10.6275090535482,93.44027741750081,100.0,12.591777510475367,16.45395249123812,6.923193200775242,6.501027679443382,9.547586059570335,1007.4403743489582,8.723015785217285,25.187795400619507,58.47731517752012,374.94612312316895,12.635644531250023,9.837182617187523,10.983304595947288,94.01898002624512,99.66666666666667,9.662000023759902,16.442383819811344,7.768807535978863,7.170039113362634,10.01764831542971,1006.0508365885418,8.870370278755823,26.412065505981445,57.30833334599932,436.54434331258136,12.244592285156273,8.925134277343773,10.615116373697939,93.92037010192871,100.0,7.04400024242932,17.193551660188106,6.376156682874476,6.767922973632835,9.664079284667991,1005.721611328125,3.2407406767209372,25.388105154037476,54.835184812545776,397.6575412750244
2021-04-30,10.378808593750023,2.4280639648437727,5.944998314267136,76.50846572149368,72.57671955653599,1.6417777359019965,40.253893659584215,29.83188575860388,-1.6442190987722825,2.131527564639157,1004.8267150297619,30.0529100724629,11.757262615930467,216.53756486801873,789.3384428478423,9.833551025390648,1.5362487792968977,5.701047515869163,69.39027690887451,64.18518507480621,0.10755555558716878,40.8841281588811,29.000062476214055,-2.592209879557288,0.4332443237304915,1007.018466796875,25.941154917081196,10.20358786980311,197.73750297228494,889.0939852396647,9.789575195312523,2.1780944824218977,5.445863342285179,72.9129622777303,73.8101855913798,0.8688889272743836,43.38373867377121,30.369197552573837,-2.1018089294433366,1.0031054178874115,1006.3190299479168,29.3055554839472,11.56175822019577,177.03703490893045,780.0597457885742,8.816918945312523,0.9840332031250227,5.100537872314476,75.30138905843098,67.90740706523259,0.8482222302409355,43.01898605646264,29.959464378724366,-2.101663970947243,1.1915730794270871,1006.7492643229167,30.620369911193848,10.90383783976237,207.08888498942056,743.7512296040853
2021-05-01,14.519036865234398,-0.5085510253906023,6.356346203032016,52.449735187348864,64.12698390370323,0.0037777775432914495,25.522752963552417,15.100567726548618,-0.586152866908435,-3.769348435174834,1014.1237648809524,-14.216930934361049,9.256534951073784,287.90264860788983,647.9727557954334,14.655053710937523,-0.025762939453102263,7.102877553304059,50.74722115198771,59.30092572172483,0.12666666880249977,26.511983912932408,15.31049385090884,1.3539329528808821,-2.9619761149088504,1011.374765625,-7.999999602635701,10.32368435462316,248.25231178601584,532.4215367635092,13.385705566406273,0.5068603515625227,6.991750335693382,54.464815855026245,61.01388863225778,0.05266666645184159,26.284721434506768,15.574839182125489,1.5491221110026459,-1.9595436096191179,1010.79166015625,-5.4953703085581465,10.568399359782537,212.53703578313193,499.2470397949219,14.743981933593773,-0.03275146484372726,6.923919932047549,52.49814788500468,50.60185222327709,0.006222222466021776,25.85225530764427,14.32828893800127,0.779206848144554,-3.0278991699218523,1012.1399967447917,-10.283291538556417,10.078109006086985,278.9527801672618,567.8835277557373
2021-05-02,17.690606689453148,5.877679443359398,11.595452880859398,77.00529116675968,78.23809551625024,0.9649999062530696,11.758932865810324,7.895492453635235,9.77016456240699,8.191530936104925,1003.5415438988094,-16.465608891986665,25.18085933866955,135.91428734007337,266.15886651901974,21.052178955078148,8.605249023437523,13.888834889729841,72.84398142496745,64.32407381137212,1.647999995679129,12.319335224955724,7.401805095439012,10.727540588378929,9.337808227539085,1003.5989811197917,-24.55555550257365,24.794073422749836,214.07453606029352,286.0513099034627,17.297387695312523,7.294122314453148,12.087064361572288,75.41296323140462,77.17129625255863,0.6735555172490422,12.55129018421867,7.1692485571574815,10.369246419270837,8.331372833251976,1004.537822265625,-20.231480995814007,24.345665375391643,161.76203441619873,302.4872763951619,16.511071777343773,8.544854736328148,12.078857676188173,71.86713012059529,68.54629596074422,0.8938889288110659,16.23047579192018,8.110780543062472,10.281343078613304,7.565756734212243,1005.1747265625,-10.523147821426392,22.860974709192913,140.19536972045898,296.99754269917804
2021-05-03,13.131616210937523,9.560968017578148,11.025015404110885,88.50476255871001,98.2539681934175,3.592333299573511,20.601111672073877,14.496962735765775,9.58528616768973,9.086871628534254,1007.0285714285715,5.291005179995582,30.05735342843192,187.37566722007026,374.39942859468005,18.903985595703148,9.265283203125023,13.046929931640648,73.90462907155354,98.16666650772095,0.517333349911496,17.552521613294456,11.09255225984491,10.484810129801474,8.203270212809286,1005.8980598958333,-6.1805557409922285,28.046168486277264,212.13842550913492,363.9911231994629,14.090661621093773,10.278741455078148,11.206858571370466,89.28564802805583,99.74537022908528,5.276999982015695,20.3519911181346,12.026574345354234,9.344172414143884,9.43008702596029,1007.5700455729167,9.0694446961085,30.678010940551758,137.85694135228792,365.8411159515381,16.285333251953148,8.967858886718773,11.80524851481122,80.28842608133952,99.03240744272868,0.26499998892541043,16.52628345258322,11.63638269001099,9.592773691813193,8.252188618977868,1007.1975,-6.018518487612407,28.55437922477722,178.02731599410376,372.7895450592041
2021-05-04,11.849176025390648,10.291802978515648,10.80965285528276,95.88783118838356,100.0,1.0915555065730587,8.575293186406206,5.090405768821218,9.856821405319977,10.161651320684541,1003.3465736607144,1.0582010178338914,30.240917205810547,48.18306891691117,295.94935825892856,12.413873291015648,10.424340820312523,11.087152099609398,95.7236115137736,100.0,3.063222250173567,15.916719758732228,6.666211252966882,9.56373240152999,10.436419423421228,1003.60638671875,4.040030991037686,28.71010136604309,52.95601761341095,330.3747749328613,13.190240478515648,10.410607910156273,11.289414978027366,95.08611234029134,99.78703689575195,3.8975555481447373,8.378732148105062,4.643050344395777,9.77838033040365,10.482554372151696,1003.8498209635417,0.5653698444366455,31.112821181615193,63.46759170293808,293.62002086639404,13.992089843750023,9.915643310546898,11.11923751831057,97.0259256362915,99.52777767181396,2.7253333599073812,10.990648822193025,4.776813248575386,9.377091979980491,10.602372741699241,1004.5126334635418,-4.268518765767415,30.6761212348938,69.27962885300319,291.1864112218221
2021-05-05,10.563012695312523,7.188989257812523,9.356398518880232,84.48624311174665,99.07936495826358,1.9614444313338026,24.240969523103665,16.39416984722123,3.4145432245163647,6.828517078218056,1007.2657142857144,4.275132292792911,20.447436650594074,157.90000052679153,636.7589274815151,12.160821533203148,5.361810302734398,9.297174072265648,78.26342741648357,93.5509260672455,0.03788888824055903,25.56604993788677,18.24274809933388,2.1883725484212277,5.641060129801474,1008.06634765625,5.689814865589142,16.860291600227356,166.5319449106852,734.2991167704264,10.746148681640648,5.363366699218773,8.798912302653017,80.59259192148845,93.57407418886821,0.4120000224211253,23.064860461432552,16.526086315555432,1.7424255371093977,5.704310353597009,1009.4006966145832,8.458333532015482,16.630562980969746,129.37824112176895,814.5429051717123,12.324975585937523,5.379449462890648,9.34912007649742,81.26527945200603,90.930555164814,1.2473332635709085,22.000830085587452,15.591711977343985,1.8309697469075559,6.257758076985681,1009.6648567708332,10.842592398325602,16.625320076942444,141.36990547180176,755.0946057637533
2021-05-06,11.996545410156273,1.3117309570312727,7.07444516136535,62.00952420915876,42.95767215391,0.0,18.241760126627096,11.124721490159098,-2.9283392043340655,-0.7758515857514681,1018.3123809523809,-7.132275535946801,8.381014619554792,279.25291397458034,1195.1788431803386,11.691094970703148,3.7735839843750227,7.7501083374023665,58.56481456756592,52.578703391055264,0.0,19.696105200512836,12.118513063165048,-2.750114186604776,-0.8308993021647098,1017.9811067708333,1.3796295523643494,8.716721852620443,237.21758890151978,1099.4188032150269,12.695092773437523,2.2164550781250227,7.701028442382835,52.94675922393799,67.9166668234393,0.0,17.48551598806261,10.589756002557037,-3.0711273193359148,-2.183879597981729,1018.4731966145832,-3.3425925970077515,8.54589831829071,280.77638872464496,1142.672238667806,13.335229492187523,3.2692504882812727,8.45444259643557,57.88240806261698,69.39814758300781,0.043444444600027055,17.808567981912688,10.546999786805111,-2.534234110514319,-0.6651926676432254,1018.3260188802083,-7.4722221692403155,9.402451356252035,272.1351882616679,1192.0126320521038
2021-05-07,9.588830566406273,5.021722412109398,7.505235653831868,59.89100465320406,71.3121692112514,0.09555555647239089,19.452530573597937,9.073335176827731,-2.8019935244605563,-0.17893793015252868,1015.2589322916667,-1.098821412949335,10.000529834202357,289.37354641868956,719.8547043573288,8.627893066406273,3.0021301269531477,6.889356231689476,68.57916688919067,85.40740752220154,0.9013333402108401,12.970641609141907,6.082611568452333,-2.7261731465657135,0.9613853454590071,1015.0255078125,15.629629532496134,10.93798025449117,167.45833357175192,721.7827525138855,8.601525878906273,4.206719970703148,6.261777496337913,78.20879602432251,87.85648151238759,2.3630000202392694,11.418671663364957,5.979575727003099,-2.623924001057901,2.2530240376790402,1014.8134700520833,18.310185313224792,11.398916959762573,124.73842636744182,688.2347462972006,8.351678466796898,3.5569091796875227,5.894245402018252,78.3814803759257,84.41203694914778,2.4971110516926274,10.519999783768569,7.220510928518569,-2.826158905029274,2.268080647786462,1015.0374055989582,21.78240712483724,10.77503494421641,127.8787047068278,629.2906956672668
2021-05-08,12.370019531250023,3.5991455078125227,7.505447823660737,72.95872933523995,95.08994729178292,0.396777779184049,17.618464017923618,11.768677542973657,-1.921359398251468,2.460815139043916,1011.8056584821429,-5.8805469785417825,11.831904048011417,186.72010467165993,812.822812579927,12.660913085937523,3.4584594726562727,8.072754160563173,62.356019496917725,85.89814798037212,0.05055555468425155,19.61843049998684,12.95503686272084,-1.8548772176106354,0.9595492045085052,1013.8018001302083,2.391470809777578,11.31025262673696,190.07685327529907,917.2000686327616,12.963891601562523,3.2284790039062727,8.156804656982445,57.094907919565834,82.19444459180038,0.0010000000766012818,23.008408295812483,13.859390896857425,-1.4169118245442291,-0.20351257324216476,1014.382685546875,1.3888890544573467,10.401611089706421,205.52870321273804,927.3339327176412,12.314691162109398,3.6274658203125227,8.06890767415367,58.7643526395162,82.54166650772095,0.0,22.156757770666303,15.371798707391173,-1.4421231587727448,0.28181737263997775,1014.4095865885417,0.7407410939534506,10.510055919488272,211.63796138763428,854.364574432373
2021-05-09,13.873498535156273,0.6534973144531477,7.767220342726957,48.26190376281738,58.465608274652844,0.0,18.40392811132414,7.910814395139151,-1.9097757975260379,-3.6766403924850692,1016.5152418154762,-14.613756633940197,7.550779251825242,346.3978820982434,857.6090585617792,12.821954345703148,0.7107482910156477,7.567444101969424,53.301851749420166,56.96759249766668,0.0,14.501542445305665,9.099164034587728,-2.053500874837198,-1.7398882548014285,1015.9205045572917,-1.5879630794127781,8.42957212527593,226.28055318196616,987.7369723320007,12.480035400390648,0.8769775390625227,7.336543019612653,55.4611120223999,68.52314815483987,0.0,13.061157086572383,7.5064988843052305,-2.036436462402321,-1.4875790913899323,1016.0899479166667,3.893518348534902,8.741473118464151,188.84398142496744,914.9696751435598,12.734735107421898,1.4661193847656477,7.748919423421246,60.213888009389244,66.69907404885937,0.03444444760680199,12.713714919260294,6.108889275697995,-1.6486178080240848,-0.150022888183571,1015.840361328125,4.296296298503876,8.742885212103525,230.86481714248657,913.0832815170288
2021-05-10,10.824884033203148,2.4721923828125227,7.194438825334844,59.95132319132487,54.07936536130451,0.26522220167680643,22.15573675012442,16.491658812659562,-2.425658017113051,-0.35210484095978245,1016.2197358630953,3.40740814663115,8.566697415851412,220.12433933076403,958.1795065743582,11.641900634765648,2.4338317871093977,6.6202967325846585,61.80972194671631,44.18981498479843,0.9403333440423012,23.849568426865353,16.34781528137771,-2.4353609720865848,-0.2134040832519304,1015.9121321614583,16.277777562538784,8.193103730678558,214.89490954081217,819.5908934275309,11.153771972656273,2.1706787109375227,6.676567331949893,53.411574602127075,36.03240758180618,0.001111111167119816,26.74985341622796,18.93263371102026,-2.6373746236164948,-2.5811408996581804,1015.29431640625,11.209478656450907,7.263020435969035,227.09119701385498,1036.932315190633,10.959222412109398,1.5595947265625227,6.202661132812523,64.74861097335815,32.74074081952373,1.5069998956751078,22.643501071264765,14.921230693523762,-2.2314781188964616,0.1071271260579465,1015.8313541666668,19.15277697642644,8.159653743108114,208.8518549601237,789.6217447916666
2021-05-11,8.635034179687523,1.4934936523437727,5.488905843098981,62.59629658290318,57.55026482968103,0.06655555672477931,32.25968657711308,23.425480319579375,-4.623063151041663,-1.2276686895461353,1020.2788355654761,4.5396822066534135,8.622739542098273,203.84074129377092,918.9697774251302,9.915460205078148,1.0663391113281477,5.36591491699221,62.05509249369303,49.48611135346194,0.026777778286486864,31.901876261844635,19.967991111404988,-4.469753011067667,-1.6089551289875885,1020.8757552083333,7.060185074806213,8.038025756676992,208.86620314915976,937.5806090037028,10.279626464843773,1.7247253417968977,5.436920420328799,66.13101720809937,65.37962949027617,0.5458888895227574,30.77347687582164,20.25515629989643,-4.364724222819007,-0.5205622355143191,1020.6140787760418,10.958333293596903,8.222748041152954,198.6287080446879,869.9585138956705,9.787438964843773,2.0248657226562727,5.32673034667971,68.9365741411845,59.44444435338179,1.1206666361540556,29.258084887831654,19.61285342704903,-4.1206738789875885,-0.09118245442704165,1020.3488346354167,15.4953702489535,8.502066950003305,201.99212805430093,847.3983968098959
2021-05-12,15.863427734375023,2.0702758789062727,8.89541451590404,59.35502606346493,3.1587301875863756,0.0,22.76102360556827,17.989937421293217,-0.8097464425222825,-0.39962652297242585,1026.4010044642857,-24.232804207574752,7.958387102399554,394.76772072201686,992.0513225737072,15.807977294921898,2.7523742675781477,9.618063863118513,49.08472235997518,5.5092593139658375,0.0,25.000923569797457,17.72815724818342,-0.7851941426594635,-2.0416714986164948,1025.690224609375,-13.324073652426401,8.488494773705801,346.4476801554362,969.3254241943359,16.071618652343773,3.6695190429687727,9.825137074788435,49.85462872187296,4.1990740631396575,0.0,22.299036349670878,17.62981143799136,-0.3984474182128679,-1.2364283243815066,1026.006533203125,-13.935185054937998,9.118888914585114,343.8092606862386,954.793360710144,16.270623779296898,4.182092285156273,10.259224192301454,48.2425921758016,0.333333327434957,0.0,24.135815277264424,17.48656092746871,-0.0946551005045535,-1.5289749145507585,1025.515927734375,-16.245371023813885,8.856683711210886,346.6319440205892,997.3193664550781
2021-05-13,20.146508789062523,4.824060058593773,13.096474493117583,43.46507935296921,29.333333577428544,0.0,13.605757737282932,8.252895481175665,2.88616768973219,0.2925920758928555,1026.3033370535713,-26.835978689647856,12.024816921779088,322.7328023456392,1307.301628839402,19.388787841796898,5.572534179687523,13.172929382324241,42.28101793924967,39.398148238658905,0.00044444447848945856,13.386587677666107,9.333071646691396,2.7671562194824446,0.2970024108886946,1026.253056640625,-14.398148695627848,12.050145030021667,269.3995343844096,1268.2883110046387,19.139184570312523,5.893182373046898,13.292485809326195,40.38194449742635,41.972222425354026,0.0,14.832474085867624,11.748816971413712,3.0851315816243527,-0.26671956380204165,1026.1666178385417,-14.189814329147339,11.75079611937205,264.6601842244466,1248.6483917236328,19.671899414062523,6.953729248046898,14.037966664632185,35.902777671813965,52.30092556774616,0.0,15.966316099753069,12.034466678029156,3.6791180928548215,-1.2012301127115848,1025.853525390625,-16.77314802010854,11.277873198191324,263.77639150619507,1352.4404668807983
2021-05-14,22.030419921875023,5.636712646484398,15.03341936383931,29.522222745986213,24.047619251977828,0.0,13.678539873376959,9.294986089036128,5.010614013671898,-4.196716599237334,1024.6419642857143,-20.70899440561022,7.965850421360561,361.51269622076126,1502.7576288495745,21.537286376953148,4.240441894531273,14.121326700846376,30.995370149612427,16.962962972621124,0.0,12.040645428185828,8.565302429217908,4.761514282226585,-3.848356628417946,1024.233203125,-8.199074325772623,7.852728505929311,310.89212958017987,1305.0139167308807,22.173852539062523,4.800286865234398,14.8311592102051,31.793518781661987,22.27314771991223,0.0,13.726417277927531,8.743991090060458,5.164226786295615,-3.5254844665527116,1024.296298828125,-10.467592537403107,8.197475691636404,318.33749771118164,1426.2959761619568,21.780969238281273,5.543939208984398,14.468970235188825,35.957870880762734,23.055555308858555,0.0,12.11758040743721,8.298915175708242,5.029139455159509,-2.015538279215491,1024.2302701822916,-12.805555045604706,8.980404376983643,312.53472423553467,1285.8626887003581
2021-05-15,22.232232666015648,6.926721191406273,16.127099609375023,28.369841621035622,51.68783146994455,0.006444444414228201,12.702193121203662,6.87240778324079,6.3424127487909345,-2.8978971935453615,1023.6777790178571,-21.851851803915842,9.284431412106468,304.55238269624255,1576.3843564533051,22.220361328125023,6.749200439453148,15.488472239176454,32.1412038008372,55.050925915439926,0.0,16.928706936741207,9.1013532139824,6.075147247314476,-2.1579371134440066,1023.7912141927083,-10.060184629013142,9.404444595177969,282.3574106693268,1281.3004509607952,21.767480468750023,6.974084472656273,15.593784586588564,31.92268506685893,69.21296308437984,0.007555556017905474,15.239927264901826,8.497630705356713,6.329162851969443,-1.8665768941243073,1023.5061100260417,-4.847222566604614,9.888784190018972,255.45972474416098,1317.4018463293712,21.799340820312523,6.303643798828148,15.202661132812523,34.270833015441895,50.40740722666184,0.03055555443279445,17.26067923349035,8.234977859027095,6.0793078104655365,-1.1421874999999773,1023.9102311197917,-6.3425926106671495,9.609153906504313,248.38657506306967,1309.597665866216
2021-05-16,21.447961425781273,9.173669433593773,15.896555292038713,35.54338636852446,84.60846522592362,0.0,18.146637207829848,9.84505263147789,6.6661141531808425,0.8987162272135834,1024.020435267857,-12.841269652048746,14.116890952700661,257.39311999366396,1084.9318044753302,21.535211181640648,7.610986328125023,15.205936686197939,37.80277760823568,72.47685170173645,0.0,16.425889783765015,9.164510622542508,6.394062296549521,0.6698572794596771,1024.1958333333332,-7.475835879643758,12.8996950785319,260.5018547375997,1027.3384210268657,21.533807373046898,8.495874023437523,15.912525431315126,37.98564783732096,71.44444441795349,0.0,15.722530624764213,7.756441413879068,6.731785074869833,1.7091918945312727,1023.4233756510417,-8.560185035069784,13.961874405543009,241.81620693206787,1189.892488559087,22.395288085937523,7.860314941406273,15.717888132731142,36.01157339413961,71.58333333333333,0.0,13.445637746893192,5.975148699066801,6.970132446289085,-0.0566912333170535,1023.45861328125,-6.768518467744191,12.338354031244913,261.60139322280884,1083.9098307291667
2021-05-17,23.684320068359398,8.140557861328148,16.58994082496282,44.96507908049084,25.582010697750817,0.0,17.10809412415403,8.83943646456826,7.824520728701657,3.649872988746324,1023.6660900297618,-20.37566157749721,13.761435872032528,356.6999987647647,691.2229534330822,23.989373779296898,8.451470947265648,16.94080505371096,38.998148600260414,12.45833353077372,0.0,14.891621691475736,8.20506672398036,8.019570922851585,2.197827911376976,1023.8018033854167,-11.921296070019404,13.45857858657837,339.3939820925395,716.2674335638682,23.530725097656273,7.861352539062523,16.043327585856144,42.32129565874735,12.787036899787685,0.0,14.638135619583515,7.642157659061854,7.889033253987634,2.7230837504069427,1023.62439453125,-6.402558883031209,13.683613459269205,314.97222153345746,666.7500802675883,23.463555908203148,7.945458984375023,16.262556966145855,46.73055617014567,11.35648146768411,0.0,15.090728234848811,7.758395761220203,7.6679677327474,4.053156789143884,1023.581298828125,-6.537036836147308,13.469285527865091,327.5722230275472,623.1143887042999
2021-05-18,28.217645263671898,10.128320312500023,20.15547078450523,40.589947473435174,6.301587238198235,0.0,14.388027281679808,10.406333607818826,10.306630161830356,5.226488095238096,1024.9361346726191,-32.83597928001767,16.704415957132976,381.2333348592122,1334.4179974510557,28.274072265625023,10.287622070312523,20.036548868815128,39.34583338101705,8.694444434406856,0.0,16.524062702817467,10.736173903860895,10.629691060384118,5.162899271647177,1024.8558365885417,-20.120369911193848,16.50755000114441,335.52453660964966,1137.2369644641876,28.331903076171898,9.852319335937523,20.012610371907574,38.3870374361674,23.375000049670536,0.0,13.90816312521802,8.715460586608723,10.678060150146507,4.83491160074874,1024.5751790364584,-20.347221950689953,17.33638532956441,307.8726809819539,1244.3454325993855,28.023950195312523,10.140069580078148,19.74654413859052,39.345833698908486,17.106481333573658,0.0,18.11394890408839,10.676598047310927,10.640314992268884,5.156489308675134,1024.4565755208332,-17.120370626449585,17.25833288828532,310.34213129679364,1107.0631903012593
2021-05-19,28.767114257812523,12.794335937500023,21.757889229910738,36.72698366074335,55.560846601213726,0.0,18.396251782420666,10.105922381526346,12.330606805710602,5.4009919666108885,1026.3964546130953,-23.597883610498336,15.037014597938175,369.55078506469727,796.4379807426816,28.920495605468773,12.502954101562523,21.529346720377628,36.32731453577677,45.634259400578834,0.0,17.72759185044427,9.51933294627768,12.545203145345056,5.067000325520837,1026.4594921875,-15.924013614654541,14.208949168523153,337.5245358149211,752.9499269326528,28.941033935546898,12.847161865234398,21.390850321451847,38.56342530250549,48.51388890699794,0.0,18.863724962428122,9.617283456089257,12.538491821289085,5.637794748942099,1025.79546875,-14.675926009813944,14.12075650691986,337.6685194969177,652.9686889648438,28.731378173828148,12.636743164062523,21.340627288818382,39.89722188313802,61.92129643758138,0.0,18.52473709463913,9.719094983533056,12.4330879211426,6.217018381754599,1025.8232421875,-13.84259287516276,15.033517122268677,318.24630371729535,670.8934570153555
2021-05-20,29.447534179687523,16.960534667968773,22.142175292968773,42.705820446922665,97.70899454752605,0.060777777805924416,11.276578134255162,6.330575693761754,13.990594482421898,8.787972295851944,1027.0833370535715,-19.2063493955703,29.91240038190569,197.14920834132604,372.7876531510126,28.460382080078148,15.314599609375023,20.58119862874351,48.3754628499349,87.62037062644958,0.07622222229838371,14.279269188271096,6.8840308611431125,13.82523880004885,9.280812835693382,1027.08060546875,-11.944443782170614,30.050857702891033,216.0532433191935,255.1662236849467,28.474450683593773,15.351556396484398,21.593307749430362,45.00833431879679,96.67129611968994,0.01711111143231392,19.481894470789328,6.068766133873922,13.895080820719443,9.27537562052413,1027.17033203125,-11.990740537643433,29.815325895945232,175.91342322031656,415.96495628356934,28.182611083984398,14.318566894531273,21.302203114827496,46.45138851801554,97.73611132303874,0.0567777780815959,17.527980662045042,7.030686623672587,13.907179768880212,9.442934926350915,1027.2520865885417,-8.194444259007772,28.93717622756958,160.16435384750366,318.31871287027997
2021-05-21,31.417047119140648,15.359582519531273,23.63670828683038,43.302645728701634,98.42857142857143,0.0,13.177377521523333,7.929634977487655,15.969559151785745,10.112118384951657,1027.1356659226192,-22.645896639142716,31.336284001668293,237.14973758515856,654.504562650408,31.526391601562523,16.960626220703148,24.656269327799503,44.02592531840006,98.99999936421712,0.0,11.596676796818304,6.888341636803884,15.66483078002932,11.270998891194665,1027.1405013020833,-18.425925652186077,32.636061668395996,231.41574255625406,853.6980697313944,31.927911376953148,16.683007812500023,24.689068094889347,42.155555963516235,96.73148155212402,0.0,16.451806631174364,8.760868900676636,15.648047383626306,10.494203186035179,1026.3738932291667,-17.87037021915118,30.534369230270386,232.6981473763784,906.4988419214884,32.04604492187502,16.035211181640648,24.48209915161135,47.91157333056132,99.00462977091472,0.0,16.53762455891087,9.365893015150904,15.589236195882165,11.724196370442712,1026.8464876302082,-18.10185194015503,29.616949478785198,277.1277820269267,889.4160774548849
